scene,height,width,background_px,buildings_px,woodland_px,water_px,roads_px,buildings_pct,woodland_pct,water_pct,roads_pct
M-33-20-D-c-4-2,9636,9095,18008335,46512,59476087,9553859,554627,0.053,67.865,10.901,0.633
M-33-20-D-d-3-3,9631,9095,51755402,1071120,28762038,3750573,2254812,1.223,32.836,4.282,2.574
M-33-32-B-b-4-4,9621,9098,68480904,2483,8634611,9305876,1107984,0.003,9.865,10.631,1.266
M-33-48-A-c-4-4,9429,8973,48049205,46774,31169179,4760893,580366,0.055,36.84,5.627,0.686
M-33-7-A-d-2-3,9711,9081,10649007,60415,75869435,0,1606734,0.069,86.034,0.0,1.822
M-33-7-A-d-3-2,9715,9088,31180689,324909,51703029,3286107,1795186,0.368,58.561,3.722,2.033
M-34-32-B-a-4-3,9599,9075,54754080,187027,13945863,17531405,692550,0.215,16.009,20.125,0.795
M-34-32-B-b-1-3,9607,9075,49439384,257813,17240259,19427352,818717,0.296,19.775,22.283,0.939
M-34-5-D-d-4-2,9441,8825,73561223,514709,8286385,166417,788091,0.618,9.946,0.2,0.946
M-34-51-C-b-2-1,9289,8891,54867152,792910,23302496,1753524,1872417,0.96,28.215,2.123,2.267
M-34-51-C-d-4-1,9289,8914,23401744,1167023,14924792,40573354,2735233,1.409,18.025,49.0,3.303
M-34-55-B-b-4-1,9556,9147,61500038,590101,24188280,17831,1112482,0.675,27.673,0.02,1.273
M-34-56-A-b-1-4,9582,9170,80925577,1211981,3196090,1067838,1465454,1.379,3.637,1.215,1.668
M-34-6-A-d-2-2,9470,8818,68643142,1467062,10910421,236301,2249534,1.757,13.065,0.283,2.694
M-34-65-D-a-4-4,9425,9107,26813571,211142,56701397,1262502,844863,0.246,66.06,1.471,0.984
M-34-65-D-c-4-2,9426,9119,8413812,18115,76659610,128652,735505,0.021,89.185,0.15,0.856
M-34-65-D-d-4-1,9436,9130,70871416,2383416,10234029,825946,1835873,2.767,11.879,0.959,2.131
M-34-68-B-a-1-3,9594,9243,64149905,615901,22775178,67122,1069236,0.695,25.683,0.076,1.206
M-34-77-B-c-2-3,9423,9142,37462199,927521,45827018,644736,1283592,1.077,53.197,0.748,1.49
N-33-104-A-c-1-1,9671,8788,33204712,96082,42770578,8083760,833616,0.113,50.325,9.512,0.981
N-33-119-C-c-3-3,4750,4352,7241596,93290,12279745,808000,249369,0.451,59.403,3.909,1.206
N-33-130-A-d-3-3,9543,8782,81817064,283247,643532,16499,1046284,0.338,0.768,0.02,1.248
N-33-130-A-d-4-4,9533,8771,66109074,5758798,5935285,161695,5649091,6.887,7.098,0.193,6.756
N-33-139-C-d-2-2,9706,9042,53464417,448846,24339109,8820843,688437,0.511,27.733,10.051,0.784
N-33-139-C-d-2-4,9707,9046,77113930,0,9567333,864206,264053,0.0,10.896,0.984,0.301
N-33-139-D-c-1-3,9704,9042,66946630,0,17328482,3307482,160974,0.0,19.749,3.769,0.183
N-33-60-D-c-4-2,4701,4136,12467974,352837,4757764,1491426,373335,1.815,24.47,7.671,1.92
N-33-60-D-d-1-2,4697,4127,3305832,80915,11637713,4158513,201546,0.417,60.036,21.453,1.04
N-33-96-D-d-1-1,4699,4227,1480866,3290,15246117,2970496,161904,0.017,76.758,14.955,0.815
N-34-106-A-b-3-4,9692,8808,27916581,19627,57035760,6142,389026,0.023,66.812,0.007,0.456
N-34-106-A-c-1-3,9674,8797,44287368,0,19886412,20247828,680570,0.0,23.368,23.792,0.8
N-34-140-A-b-3-2,9579,8865,59533653,799016,23366119,222100,996947,0.941,27.516,0.262,1.174
N-34-140-A-b-4-2,9586,8873,57444578,639952,25913752,104966,953330,0.752,30.466,0.123,1.121
N-34-140-A-d-3-4,9579,8885,57665370,863133,24918867,190989,1471056,1.014,29.279,0.224,1.728
N-34-140-A-d-4-2,9587,8889,65613686,1121606,14873820,89763,3519968,1.316,17.454,0.105,4.131
N-34-61-B-a-1-1,4678,4113,9768696,591145,6996880,1202899,680994,3.072,36.365,6.252,3.539
N-34-66-C-c-4-3,4727,4199,7250696,45005,8603007,3816519,133446,0.227,43.343,19.228,0.672
N-34-77-A-b-1-4,9404,8351,34075968,43314,40076094,3805184,532244,0.055,51.031,4.845,0.678
N-34-94-A-b-2-4,9697,8746,50812493,105560,32666310,804187,421412,0.124,38.517,0.948,0.497
N-34-97-C-b-1-2,4683,4232,10759429,2292073,1871729,1580857,3314368,11.565,9.444,7.977,16.724
N-34-97-D-c-2-4,4672,4230,4680745,11360,10361189,4493611,215655,0.057,52.428,22.738,1.091
